title,title_tokens,title_total,abstract_count,abstract_relative,abstract_tokens,sent_0_count,sent_1_count,sent_2_count,sent_3_count,sent_4_count,sent_5_count,sent_6_count,sent_7_count,sent_8_count,sent_9_count
Electroweak Theory with a Minimal Length,"['minimal', 'length', 'electroweak', 'theory']",4,4,1.0,"['minimal', 'length', 'electroweak', 'theory']",0.5,0.5,0.5,0.5,0.0,0.0,-,-,-,-
"Local Factors, Reciprocity and Vinberg Monoids","['reciprocity', 'local', 'factors', 'monoids', 'vinberg']",5,4,0.8,"['local', 'factors', 'monoids', 'vinberg']",0.4,0.4,-,-,-,-,-,-,-,-
Measurement of CP violation in Bs --> J/psi phi decay,"['bs', 'violation', 'cp', 'j/psi', '--', 'measurement', 'decay', 'phi']",8,7,0.875,"['bs', 'violation', 'cp', 'j/psi', '--', 'measurement', 'phi']",0.875,0.0,-,-,-,-,-,-,-,-
PAAI in the sky : towards a particulate mechanism for Dark Energy and  concordant Dark Matter,"['particulate', 'concordant', 'matter', 'dark', 'energy', 'sky', 'paai', 'mechanism', 'towards']",9,3,0.3333333333333333,"['dark', 'energy', 'paai']",0.2222222222222222,0.1111111111111111,0.1111111111111111,0.0,0.0,0.0,-,-,-,-
Cooling in a parametrically driven optomechanical cavity,"['driven', 'cavity', 'cooling', 'optomechanical', 'parametrically']",5,3,0.6,"['driven', 'cooling', 'parametrically']",0.4,0.2,0.0,0.0,0.0,0.0,0.0,-,-,-
Orthogonal Tree Decompositions of Graphs,"['orthogonal', 'decompositions', 'tree', 'graphs']",4,3,0.75,"['decompositions', 'tree', 'graphs']",0.75,0.5,0.5,0.25,0.25,0.0,0.0,-,-,-
Natural gaits of the non-pathological flat foot and high-arched foot,"['flat', 'gaits', 'non-pathological', 'foot', 'high-arched', 'natural']",6,5,0.8333333333333334,"['gaits', 'non-pathological', 'foot', 'high-arched', 'natural']",0.5,0.5,0.3333333333333333,0.16666666666666666,0.0,0.0,-,-,-,-
Digital Rights and Freedoms: A Framework for Surveying Users and  Analyzing Policies,"['a', 'policies', 'users', 'surveying', 'rights', 'analyzing', 'freedoms', 'digital', 'framework']",9,3,0.3333333333333333,"['users', 'rights', 'freedoms']",0.3333333333333333,0.2222222222222222,0.2222222222222222,0.1111111111111111,0.0,-,-,-,-,-
On the Abundance Problem for $3$-folds in characteristic $p>5$,"['characteristic', '$3$', '-folds', 'problem', 'on', 'abundance', '$p>5$']",7,4,0.5714285714285714,"['characteristic', '$3$', 'abundance', '$p>5$']",0.5714285714285714,-,-,-,-,-,-,-,-,-
Photonic topological phase transition on demand,"['demand', 'topological', 'transition', 'phase', 'photonic']",5,3,0.6,"['topological', 'phase', 'photonic']",0.4,0.4,0.2,0.2,-,-,-,-,-,-
Usable Speech Assignment for Speaker Identification under Co-Channel  Situation,"['usable', 'speaker', 'situation', 'assignment', 'speech', 'co-channel', 'identification']",7,6,0.8571428571428571,"['usable', 'speaker', 'assignment', 'speech', 'co-channel', 'identification']",0.5714285714285714,0.5714285714285714,0.42857142857142855,0.2857142857142857,0.2857142857142857,0.14285714285714285,-,-,-,-
Procedures for the relative calibration of the SiPM gain on ASTRI SST-2M  camera,"['camera', 'calibration', 'sipm', 'procedures', 'gain', 'astri', 'sst-2m', 'relative']",8,7,0.875,"['camera', 'calibration', 'sipm', 'procedures', 'gain', 'astri', 'sst-2m']",0.5,0.25,0.25,0.25,0.125,0.0,0.0,-,-,-
"Algebraic characterization of the SSC $\Delta_s(\mathcal{G}_{n,r}^{1})$","['algebraic', 'characterization', 'ssc', '$\\Delta_s(\\mathcal{G}_{n,r}^{1})$']",4,0,0.0,[],0.0,0.0,0.0,0.0,-,-,-,-,-,-
No-Regret Algorithms for Unconstrained Online Convex Optimization,"['convex', 'unconstrained', 'no-regret', 'optimization', 'online', 'algorithms']",6,5,0.8333333333333334,"['convex', 'unconstrained', 'optimization', 'online', 'algorithms']",0.6666666666666666,0.16666666666666666,0.16666666666666666,0.0,0.0,-,-,-,-,-
A General Analytical Approximation to Impulse Response of 3-D  Microfluidic Channels in Molecular Communication,"['molecular', 'a', 'analytical', '3-d', 'response', 'channels', 'impulse', 'communication', 'microfluidic', 'general', 'approximation']",11,4,0.36363636363636365,"['3-d', 'response', 'impulse', 'microfluidic']",0.36363636363636365,0.18181818181818182,0.0,0.0,0.0,-,-,-,-,-
Maximizing Influence in Social Networks: A Two-Stage Stochastic  Programming Approach That Exploits Submodularity,"['a', 'social', 'two-stage', 'stochastic', 'programming', 'approach', 'networks', 'submodularity', 'maximizing', 'that', 'influence', 'exploits']",12,4,0.3333333333333333,"['two-stage', 'stochastic', 'submodularity', 'influence']",0.16666666666666666,0.16666666666666666,0.16666666666666666,0.08333333333333333,0.0,0.0,0.0,-,-,-
Coloring with Words: Guiding Image Colorization Through Text-based  Palette Generation,"['colorization', 'palette', 'generation', 'text-based', 'image', 'through', 'guiding', 'words', 'coloring']",9,4,0.4444444444444444,"['colorization', 'palette', 'generation', 'image']",0.2222222222222222,0.2222222222222222,0.1111111111111111,0.1111111111111111,0.0,0.0,0.0,-,-,-
Observations contradict galaxy size and surface brightness predictions  that are based on the expanding universe hypothesis,"['universe', 'hypothesis', 'contradict', 'size', 'based', 'expanding', 'galaxy', 'observations', 'brightness', 'predictions', 'surface']",11,9,0.8181818181818182,"['universe', 'hypothesis', 'size', 'based', 'expanding', 'galaxy', 'brightness', 'predictions', 'surface']",0.36363636363636365,0.36363636363636365,0.2727272727272727,0.2727272727272727,0.2727272727272727,0.18181818181818182,0.09090909090909091,0.0,-,-
Phase Space dynamics of triaxial collapse: Joint density-velocity  evolution,"['triaxial', 'dynamics', 'collapse', 'space', 'phase', 'joint', 'density-velocity', 'evolution']",8,6,0.75,"['triaxial', 'dynamics', 'collapse', 'phase', 'density-velocity', 'evolution']",0.625,0.375,0.25,0.0,0.0,0.0,0.0,-,-,-
Block Tridiagonal Reduction of Perturbed Normal and Rank Structured  Matrices,"['matrices', 'reduction', 'perturbed', 'structured', 'block', 'tridiagonal', 'normal', 'rank']",8,5,0.625,"['matrices', 'perturbed', 'structured', 'tridiagonal', 'normal']",0.375,0.25,-,-,-,-,-,-,-,-
An axon initial segment is required for temporal precision in action  potential encoding by neuronal populations,"['encoding', 'precision', 'potential', 'populations', 'neuronal', 'axon', 'required', 'temporal', 'initial', 'action', 'segment', 'an']",12,7,0.5833333333333334,"['encoding', 'precision', 'neuronal', 'axon', 'initial', 'action', 'segment']",0.3333333333333333,0.16666666666666666,0.08333333333333333,0.0,0.0,-,-,-,-,-
On Partitioning Colored Points,"['colored', 'partitioning', 'on', 'points']",4,1,0.25,['points'],0.25,0.0,-,-,-,-,-,-,-,-
On a unified framework for linear nuisance parameters,"['parameters', 'unified', 'on', 'nuisance', 'framework', 'linear']",6,5,0.8333333333333334,"['parameters', 'unified', 'nuisance', 'framework', 'linear']",0.3333333333333333,0.3333333333333333,0.16666666666666666,0.0,0.0,0.0,0.0,-,-,-
Robust Sign Language Recognition System Using ToF Depth Cameras,"['tof', 'language', 'system', 'sign', 'recognition', 'cameras', 'depth', 'using', 'robust']",9,9,1.0,"['tof', 'language', 'system', 'sign', 'recognition', 'cameras', 'depth', 'using', 'robust']",1.0,0.3333333333333333,0.3333333333333333,0.3333333333333333,-,-,-,-,-,-
Using a high-stability quartz-crystal microbalance to measure and model  the chemical kinetics for gases in and on metals: oxygen in gold,"['microbalance', 'kinetics', 'gases', 'quartz-crystal', 'oxygen', 'chemical', 'measure', 'gold', 'metals', 'using', 'high-stability', 'model']",12,9,0.75,"['microbalance', 'gases', 'quartz-crystal', 'oxygen', 'measure', 'gold', 'using', 'high-stability', 'model']",0.3333333333333333,0.25,0.16666666666666666,0.16666666666666666,0.08333333333333333,0.08333333333333333,0.08333333333333333,0.0,0.0,-
PAMPC: Perception-Aware Model Predictive Control for Quadrotors,"['pampc', 'quadrotors', 'perception-aware', 'control', 'predictive', 'model']",6,4,0.6666666666666666,"['perception-aware', 'control', 'predictive', 'model']",0.6666666666666666,0.6666666666666666,0.16666666666666666,0.0,0.0,0.0,0.0,0.0,0.0,-
On the Nature of Unconfirmed Supernovae,"['on', 'nature', 'supernovae', 'unconfirmed']",4,3,0.75,"['nature', 'supernovae', 'unconfirmed']",0.75,0.25,0.0,-,-,-,-,-,-,-
Thompson's theorem for compact operators and diagonals of unitary  operators,"[""'s"", 'thompson', 'diagonals', 'operators', 'theorem', 'compact', 'unitary']",7,6,0.8571428571428571,"[""'s"", 'thompson', 'operators', 'theorem', 'compact', 'unitary']",0.8571428571428571,0.2857142857142857,-,-,-,-,-,-,-,-
Subtropical Satisfiability,"['subtropical', 'satisfiability']",2,1,0.5,['subtropical'],0.5,0.0,0.0,0.0,0.0,0.0,0.0,0.0,-,-
Bottom up synthesis of multifunctional nanoporous graphene,"['graphene', 'bottom', 'nanoporous', 'multifunctional', 'synthesis']",5,2,0.4,"['graphene', 'nanoporous']",0.4,0.2,0.2,0.0,0.0,-,-,-,-,-
Measurement-device-independent quantum key distribution with  ensemble-based memories,"['measurement-device-independent', 'ensemble-based', 'memories', 'key', 'distribution', 'quantum']",6,4,0.6666666666666666,"['ensemble-based', 'memories', 'key', 'quantum']",0.3333333333333333,0.3333333333333333,0.16666666666666666,0.16666666666666666,0.16666666666666666,0.16666666666666666,0.16666666666666666,0.0,0.0,-
Improving the Robustness of Capsule Networks to Image Affine  Transformations,"['transformations', 'robustness', 'affine', 'networks', 'capsule', 'image', 'improving']",7,4,0.5714285714285714,"['transformations', 'affine', 'networks', 'capsule']",0.2857142857142857,0.2857142857142857,0.2857142857142857,0.14285714285714285,0.14285714285714285,0.14285714285714285,0.0,0.0,0.0,0.0
Cyclic structure induced by load fluctuations in adaptive transportation  networks,"['induced', 'transportation', 'fluctuations', 'structure', 'adaptive', 'networks', 'load', 'cyclic']",8,3,0.375,"['fluctuations', 'structure', 'networks']",0.25,0.125,0.125,0.125,0.125,0.0,0.0,0.0,-,-
Forming Weakly Interacting Multi Layers of Graphene by using Atomic  Force Microscope Tip Scanning and Evidence of Competition Between Inner and  Outer Raman Scattering Processes Piloted by Structural Defects,"['weakly', 'scattering', 'piloted', 'inner', 'evidence', 'multi', 'outer', 'force', 'defects', 'forming', 'graphene', 'processes', 'atomic', 'raman', 'using', 'microscope', 'tip', 'layers', 'structural', 'competition', 'interacting', 'scanning', 'between']",23,12,0.5217391304347826,"['weakly', 'evidence', 'outer', 'defects', 'graphene', 'processes', 'raman', 'using', 'tip', 'layers', 'structural', 'interacting']",0.21739130434782608,0.17391304347826086,0.17391304347826086,0.08695652173913043,0.043478260869565216,0.0,-,-,-,-
On the genus of birational maps between 3-folds,"['maps', 'on', 'genus', 'birational', '3-folds']",5,3,0.6,"['genus', 'birational', '3-folds']",0.4,0.4,0.0,0.0,-,-,-,-,-,-
Multi-phase IRC Botnet and Botnet Behavior Detection Model,"['irc', 'botnet', 'multi-phase', 'behavior', 'detection', 'model']",6,5,0.8333333333333334,"['irc', 'botnet', 'multi-phase', 'behavior', 'model']",0.6666666666666666,0.6666666666666666,0.3333333333333333,0.16666666666666666,0.16666666666666666,0.16666666666666666,0.16666666666666666,0.16666666666666666,0.0,-
Music and musical sonification for the rehabilitation of Parkinsonian  dysgraphia: Conceptual framework,"['dysgraphia', 'rehabilitation', 'music', 'parkinsonian', 'sonification', 'conceptual', 'framework', 'musical']",8,3,0.375,"['music', 'sonification', 'musical']",0.375,0.25,0.125,0.125,0.125,0.0,0.0,-,-,-
"Road obstacles positional and dynamic features extraction combining  object detection, stereo disparity maps and optical flow data","['maps', 'dynamic', 'disparity', 'flow', 'optical', 'extraction', 'obstacles', 'detection', 'object', 'features', 'combining', 'positional', 'road', 'stereo', 'data']",15,3,0.2,"['obstacles', 'detection', 'data']",0.13333333333333333,0.13333333333333333,0.06666666666666667,0.0,-,-,-,-,-,-
Automatic Vehicle Checking Agent (VCA),"['automatic', 'agent', 'vca', 'checking', 'vehicle']",5,5,1.0,"['automatic', 'agent', 'vca', 'checking', 'vehicle']",1.0,1.0,0.2,0.0,0.0,0.0,-,-,-,-
On extendibility of additive code isometries,"['additive', 'isometries', 'on', 'code', 'extendibility']",5,3,0.6,"['additive', 'isometries', 'code']",0.4,0.4,0.2,0.0,-,-,-,-,-,-
Probabilistic Modeling and Simulation of Transmission Line Temperatures  under Fluctuating Power Flows,"['line', 'flows', 'power', 'probabilistic', 'temperatures', 'transmission', 'modeling', 'simulation', 'fluctuating']",9,8,0.8888888888888888,"['flows', 'power', 'probabilistic', 'temperatures', 'transmission', 'modeling', 'simulation', 'fluctuating']",0.5555555555555556,0.3333333333333333,0.2222222222222222,0.1111111111111111,0.1111111111111111,0.1111111111111111,0.0,0.0,-,-
How to complete light meson spectroscopy to M = 2410 MeV/c^2,"['m', 'light', '2410', 'meson', 'mev/c^2', 'spectroscopy', 'complete', 'how']",8,2,0.25,"['2410', 'complete']",0.25,0.0,0.0,-,-,-,-,-,-,-
Nasal Patches and Curves for Expression-robust 3D Face Recognition,"['3d', 'nasal', 'curves', 'recognition', 'face', 'expression-robust', 'patches']",7,5,0.7142857142857143,"['3d', 'nasal', 'curves', 'recognition', 'patches']",0.42857142857142855,0.2857142857142857,0.2857142857142857,0.2857142857142857,0.14285714285714285,0.0,0.0,0.0,-,-
SDCT-AuxNet$^{\theta}$: DCT Augmented Stain Deconvolutional CNN with  Auxiliary Classifier for Cancer Diagnosis,"['deconvolutional', 'dct', 'augmented', 'stain', 'classifier', 'auxiliary', 'cancer', 'cnn', 'sdct-auxnet', 'diagnosis', '$^{\\theta}$']",11,8,0.7272727272727273,"['stain', 'classifier', 'auxiliary', 'cancer', 'cnn', 'sdct-auxnet', 'diagnosis', '$^{\\theta}$']",0.45454545454545453,0.18181818181818182,0.18181818181818182,0.18181818181818182,0.09090909090909091,0.09090909090909091,0.09090909090909091,0.09090909090909091,0.0,0.0
Importance of molecular interactions in colloidal dispersions,"['dispersions', 'colloidal', 'interactions', 'molecular', 'importance']",5,4,0.8,"['dispersions', 'colloidal', 'interactions', 'molecular']",0.6,0.4,0.0,-,-,-,-,-,-,-
Evolution of Primordial Stars Powered by Dark Matter Annihilation up to  the Main-Sequence Stage,"['primordial', 'matter', 'dark', 'main-sequence', 'annihilation', 'powered', 'stars', 'stage', 'evolution']",9,7,0.7777777777777778,"['primordial', 'matter', 'dark', 'annihilation', 'powered', 'stars', 'evolution']",0.4444444444444444,0.3333333333333333,0.3333333333333333,0.2222222222222222,0.2222222222222222,0.2222222222222222,0.1111111111111111,0.1111111111111111,0.0,0.0
A new fractional derivative without singular kernel: Application to the  modelling of the steady heat flow,"['steady', 'a', 'new', 'kernel', 'flow', 'fractional', 'derivative', 'singular', 'modelling', 'application', 'heat', 'without']",12,5,0.4166666666666667,"['new', 'fractional', 'derivative', 'application', 'without']",0.3333333333333333,0.08333333333333333,0.0,-,-,-,-,-,-,-
Discovery of the First Low-Luminosity Quasar at z > 7,"['discovery', 'first', 'quasar', 'low-luminosity', '7']",5,4,0.8,"['discovery', 'first', 'quasar', '7']",0.6,0.4,0.4,0.4,0.0,0.0,0.0,-,-,-
Alternating lags of QPO harmonics : A Generic model and its application  to the 67 millihertz QPO of GRS 1915+105,"['grs', 'generic', 'harmonics', 'a', '1915+105', 'lags', 'qpo', 'alternating', 'application', 'millihertz', '67', 'model']",12,8,0.6666666666666666,"['generic', 'harmonics', 'a', 'lags', 'qpo', 'alternating', '67', 'model']",0.5833333333333334,0.5,0.16666666666666666,0.08333333333333333,0.0,-,-,-,-,-
Enhancement and tunability of near-field radiative heat transfer  mediated by surface plasmon polaritons in thin plasmonic films,"['enhancement', 'near-field', 'plasmonic', 'polaritons', 'transfer', 'plasmon', 'thin', 'tunability', 'radiative', 'heat', 'films', 'mediated', 'surface']",13,10,0.7692307692307693,"['enhancement', 'near-field', 'plasmonic', 'polaritons', 'transfer', 'thin', 'radiative', 'heat', 'films', 'surface']",0.46153846153846156,0.38461538461538464,0.38461538461538464,0.15384615384615385,0.15384615384615385,0.07692307692307693,0.0,-,-,-
The finite-width Laplace sum rules for $0^{++}$ scalar glueball in  instanton liquid model,"['glueball', 'scalar', 'rules', 'instanton', 'the', 'sum', 'laplace', 'liquid', 'finite-width', 'model', '$0^{++}$']",11,10,0.9090909090909091,"['glueball', 'scalar', 'rules', 'instanton', 'the', 'sum', 'laplace', 'liquid', 'finite-width', '$0^{++}$']",0.5454545454545454,0.45454545454545453,0.36363636363636365,0.18181818181818182,-,-,-,-,-,-
MIS: Multimodal Interaction Services in a cloud perspective,"['mis', 'multimodal', 'cloud', 'interaction', 'services', 'perspective']",6,4,0.6666666666666666,"['multimodal', 'cloud', 'interaction', 'services']",0.5,0.16666666666666666,0.16666666666666666,0.16666666666666666,-,-,-,-,-,-
Foreground Removal using FastICA: A Showcase of LOFAR-EoR,"['removal', 'a', 'foreground', 'showcase', 'lofar-eor', 'using', 'fastica']",7,1,0.14285714285714285,['fastica'],0.14285714285714285,0.0,0.0,0.0,-,-,-,-,-,-
The Complexity of Power Graphs Associated With Finite Groups,"['groups', 'power', 'finite', 'graphs', 'the', 'associated', 'complexity', 'with']",8,5,0.625,"['groups', 'power', 'finite', 'the', 'complexity']",0.375,0.25,0.125,0.0,-,-,-,-,-,-
Evidence for F(uzz) Theory,"['uzz', 'f', 'theory', 'evidence']",4,1,0.25,['theory'],0.25,0.25,0.0,0.0,0.0,0.0,-,-,-,-
Mechanical Design Improvement of a Passive Device to Assist Eating in  People Living with Movement Disorders,"['people', 'improvement', 'design', 'disorders', 'device', 'passive', 'living', 'mechanical', 'movement', 'assist', 'eating']",11,8,0.7272727272727273,"['people', 'design', 'disorders', 'device', 'living', 'movement', 'assist', 'eating']",0.5454545454545454,0.2727272727272727,0.09090909090909091,0.09090909090909091,-,-,-,-,-,-
Local observers on linear Lie groups with linear estimation error  dynamics,"['observers', 'local', 'groups', 'dynamics', 'estimation', 'error', 'lie', 'linear']",8,7,0.875,"['observers', 'local', 'dynamics', 'estimation', 'error', 'lie', 'linear']",0.5,0.375,0.375,0.375,0.25,0.125,0.125,0.0,0.0,-
Improved Approximation Algorithms for Segment Minimization in Intensity  Modulated Radiation Therapy,"['minimization', 'therapy', 'intensity', 'radiation', 'segment', 'modulated', 'approximation', 'improved', 'algorithms']",9,7,0.7777777777777778,"['minimization', 'therapy', 'intensity', 'radiation', 'segment', 'approximation', 'algorithms']",0.5555555555555556,0.3333333333333333,0.2222222222222222,0.1111111111111111,0.1111111111111111,-,-,-,-,-
Cloud-based DDoS Attacks and Defenses,"['defenses', 'ddos', 'cloud-based', 'attacks']",4,2,0.5,"['ddos', 'attacks']",0.5,0.5,0.25,0.0,-,-,-,-,-,-
Velocity fields of a bed-load layer under a turbulent liquid flow,"['velocity', 'flow', 'turbulent', 'fields', 'liquid', 'bed-load', 'layer']",7,4,0.5714285714285714,"['flow', 'turbulent', 'liquid', 'bed-load']",0.2857142857142857,0.2857142857142857,0.14285714285714285,0.14285714285714285,0.14285714285714285,0.0,0.0,0.0,0.0,0.0
A simple and efficient numerical method for computing the dynamics of  rotating Bose-Einstein condensates via a rotating Lagrangian coordinate,"['simple', 'bose-einstein', 'a', 'via', 'dynamics', 'condensates', 'computing', 'coordinate', 'efficient', 'rotating', 'lagrangian', 'numerical', 'method']",13,12,0.9230769230769231,"['simple', 'bose-einstein', 'via', 'dynamics', 'condensates', 'computing', 'coordinate', 'efficient', 'rotating', 'lagrangian', 'numerical', 'method']",0.6153846153846154,0.3076923076923077,0.3076923076923077,0.23076923076923078,0.15384615384615385,0.07692307692307693,0.07692307692307693,-,-,-
Multiple scattering by cylinders immersed in fluid: high order  approximations for the effective wavenumbers,"['scattering', 'cylinders', 'approximations', 'high', 'multiple', 'order', 'effective', 'immersed', 'wavenumbers', 'fluid']",10,3,0.3,"['order', 'effective', 'fluid']",0.1,0.1,0.1,0.1,0.0,0.0,-,-,-,-
Using a high-stability quartz-crystal microbalance to measure and model  the chemical kinetics for gases in and on metals: oxygen in gold,"['microbalance', 'kinetics', 'gases', 'quartz-crystal', 'oxygen', 'chemical', 'measure', 'gold', 'metals', 'using', 'high-stability', 'model']",12,9,0.75,"['microbalance', 'gases', 'quartz-crystal', 'oxygen', 'measure', 'gold', 'using', 'high-stability', 'model']",0.3333333333333333,0.25,0.16666666666666666,0.16666666666666666,0.08333333333333333,0.08333333333333333,0.08333333333333333,0.0,0.0,-
Community Detection Across Multiple Social Networks based on Overlapping  Users,"['community', 'social', 'based', 'overlapping', 'users', 'networks', 'multiple', 'detection', 'across']",9,9,1.0,"['community', 'social', 'based', 'overlapping', 'users', 'networks', 'multiple', 'detection', 'across']",1.0,0.6666666666666666,0.4444444444444444,0.3333333333333333,0.2222222222222222,0.0,-,-,-,-
Gravitating tensor monopole in a Lorentz-violating field theory,"['lorentz-violating', 'theory', 'gravitating', 'monopole', 'field', 'tensor']",6,2,0.3333333333333333,"['field', 'tensor']",0.16666666666666666,0.16666666666666666,0.16666666666666666,0.0,-,-,-,-,-,-
Translational and rotational dynamics of a self-propelled Janus probe in  crowded environments,"['environments', 'probe', 'rotational', 'dynamics', 'crowded', 'janus', 'self-propelled', 'translational']",8,8,1.0,"['environments', 'probe', 'rotational', 'dynamics', 'crowded', 'janus', 'self-propelled', 'translational']",0.625,0.5,0.5,0.375,0.375,0.25,0.125,0.0,0.0,-
Energy partition in low energy fission,"['partition', 'low', 'energy', 'fission']",4,2,0.5,"['energy', 'fission']",0.5,0.5,0.25,0.0,0.0,0.0,0.0,-,-,-
Local System Voting Feature for Machine Translation System Combination,"['local', 'combination', 'feature', 'voting', 'system', 'machine', 'translation']",7,4,0.5714285714285714,"['local', 'combination', 'voting', 'system']",0.42857142857142855,0.2857142857142857,0.14285714285714285,0.14285714285714285,0.0,0.0,-,-,-,-
Cutting plane oracles for non-smooth trust-regions,"['non-smooth', 'plane', 'cutting', 'trust-regions', 'oracles']",5,1,0.2,['cutting'],0.2,0.0,0.0,0.0,-,-,-,-,-,-
Soft L_e-L_mu-L_tau flavour symmetry breaking and sterile neutrino keV  Dark Matter,"['symmetry', 'breaking', 'matter', 'dark', 'kev', 'l_e-l_mu-l_tau', 'flavour', 'neutrino', 'sterile', 'soft']",10,8,0.8,"['symmetry', 'breaking', 'matter', 'dark', 'kev', 'flavour', 'neutrino', 'sterile']",0.5,0.4,0.2,0.0,0.0,-,-,-,-,-
A Hop-by-hop Cross-layer Congestion Control Scheme for Wireless Sensor  Networks,"['hop-by-hop', 'a', 'scheme', 'wireless', 'networks', 'cross-layer', 'sensor', 'control', 'congestion']",9,7,0.7777777777777778,"['scheme', 'wireless', 'networks', 'cross-layer', 'sensor', 'control', 'congestion']",0.4444444444444444,0.3333333333333333,0.1111111111111111,0.0,-,-,-,-,-,-
Approximation Complexity of Complex-Weighted Degree-Two Counting  Constraint Satisfaction Problems,"['constraint', 'complex-weighted', 'degree-two', 'counting', 'satisfaction', 'problems', 'complexity', 'approximation']",8,6,0.75,"['constraint', 'complex-weighted', 'counting', 'satisfaction', 'problems', 'complexity']",0.625,0.375,0.25,0.25,0.125,-,-,-,-,-
Equidistribution of dilated curves on nilmanifolds,"['nilmanifolds', 'curves', 'dilated', 'equidistribution']",4,1,0.25,['equidistribution'],0.25,0.0,0.0,-,-,-,-,-,-,-
Supercuspidal characters of $\operatorname{SL}_2$ over a $p$-adic field,"['supercuspidal', '-adic', 'characters', '$\\operatorname{SL}_2$', 'field', '$p$']",6,2,0.3333333333333333,"['$\\operatorname{SL}_2$', '$p$']",0.16666666666666666,0.16666666666666666,0.0,-,-,-,-,-,-,-
The momentum distribution of J/psi in B decays,"['decays', 'b', 'j/psi', 'the', 'momentum', 'distribution']",6,6,1.0,"['decays', 'b', 'j/psi', 'the', 'momentum', 'distribution']",0.8333333333333334,0.5,0.0,-,-,-,-,-,-,-
The serendipity family of finite elements,"['family', 'finite', 'the', 'elements', 'serendipity']",5,2,0.4,"['family', 'the']",0.2,0.2,0.0,-,-,-,-,-,-,-
Crack initiation of printed lines predicted with digital image  correlation,"['initiation', 'printed', 'digital', 'lines', 'crack', 'predicted', 'image', 'correlation']",8,4,0.5,"['initiation', 'printed', 'crack', 'correlation']",0.375,0.125,0.0,0.0,0.0,-,-,-,-,-
Handling Syntactic Divergence in Low-resource Machine Translation,"['low-resource', 'machine', 'handling', 'divergence', 'translation', 'syntactic']",6,3,0.5,"['low-resource', 'machine', 'translation']",0.3333333333333333,0.16666666666666666,0.0,0.0,-,-,-,-,-,-
An Overview of High-Altitude Balloon Experiments at the Indian Institute  of Astrophysics,"['balloon', 'overview', 'astrophysics', 'experiments', 'institute', 'high-altitude', 'an', 'indian']",8,6,0.75,"['balloon', 'overview', 'astrophysics', 'experiments', 'high-altitude', 'indian']",0.375,0.25,0.125,0.0,0.0,0.0,0.0,0.0,-,-
TJU-DHD: A Diverse High-Resolution Dataset for Object Detection,"['dataset', 'a', 'tju-dhd', 'diverse', 'high-resolution', 'object', 'detection']",7,6,0.8571428571428571,"['dataset', 'tju-dhd', 'diverse', 'high-resolution', 'object', 'detection']",0.5714285714285714,0.42857142857142855,0.42857142857142855,0.2857142857142857,0.2857142857142857,0.2857142857142857,0.14285714285714285,0.0,0.0,0.0
A Praise for Defensive Programming: Leveraging Uncertainty for Effective  Malware Mitigation,"['praise', 'malware', 'a', 'programming', 'leveraging', 'effective', 'defensive', 'mitigation', 'uncertainty']",9,3,0.3333333333333333,"['malware', 'a', 'uncertainty']",0.1111111111111111,0.1111111111111111,0.1111111111111111,0.1111111111111111,0.1111111111111111,0.0,0.0,0.0,0.0,0.0
On the Russo-Dye Theorem for positive linear maps,"['maps', 'positive', 'on', 'theorem', 'russo-dye', 'linear']",6,3,0.5,"['theorem', 'russo-dye', 'linear']",0.5,-,-,-,-,-,-,-,-,-
Stress Evolution in Lithium-ion Composite Electrodes during  Electrochemical Cycling and Resulting Internal Pressures on the Cell Casing,"['pressures', 'electrochemical', 'cell', 'internal', 'stress', 'composite', 'lithium-ion', 'cycling', 'electrodes', 'resulting', 'casing', 'evolution']",12,9,0.75,"['pressures', 'electrochemical', 'cell', 'internal', 'stress', 'composite', 'lithium-ion', 'electrodes', 'evolution']",0.4166666666666667,0.3333333333333333,0.16666666666666666,0.16666666666666666,0.16666666666666666,0.08333333333333333,0.08333333333333333,-,-,-
Improper Colourings inspired by Hadwiger's Conjecture,"['improper', ""'s"", 'colourings', 'conjecture', 'inspired', 'hadwiger']",6,4,0.6666666666666666,"[""'s"", 'colourings', 'conjecture', 'hadwiger']",0.6666666666666666,0.5,0.0,0.0,0.0,0.0,0.0,0.0,0.0,-
Using a high-stability quartz-crystal microbalance to measure and model  the chemical kinetics for gases in and on metals: oxygen in gold,"['microbalance', 'kinetics', 'gases', 'quartz-crystal', 'oxygen', 'chemical', 'measure', 'gold', 'metals', 'using', 'high-stability', 'model']",12,9,0.75,"['microbalance', 'gases', 'quartz-crystal', 'oxygen', 'measure', 'gold', 'using', 'high-stability', 'model']",0.3333333333333333,0.25,0.16666666666666666,0.16666666666666666,0.08333333333333333,0.08333333333333333,0.08333333333333333,0.0,0.0,-
PRED18: Dataset and Further Experiments with DAVIS Event Camera in  Predator-Prey Robot Chasing,"['pred18', 'dataset', 'further', 'event', 'camera', 'davis', 'predator-prey', 'robot', 'chasing', 'experiments']",10,4,0.4,"['dataset', 'camera', 'davis', 'robot']",0.2,0.1,0.1,0.1,0.0,0.0,0.0,0.0,0.0,-
Skill Analysis with Time Series Image Data,"['time', 'skill', 'image', 'analysis', 'series', 'data']",6,6,1.0,"['time', 'skill', 'image', 'analysis', 'series', 'data']",1.0,0.5,0.0,-,-,-,-,-,-,-
Multi databases in Health Care Networks,"['care', 'databases', 'networks', 'multi', 'health']",5,0,0.0,[],0.0,0.0,0.0,0.0,0.0,0.0,0.0,-,-,-
End-to-End Unsupervised Deformable Image Registration with a  Convolutional Neural Network,"['deformable', 'convolutional', 'network', 'registration', 'end-to-end', 'unsupervised', 'image', 'neural']",8,8,1.0,"['deformable', 'convolutional', 'network', 'registration', 'end-to-end', 'unsupervised', 'image', 'neural']",0.375,0.375,0.375,0.25,0.25,0.125,0.125,-,-,-
Multi-criteria IoT Resource Discovery: A Comparative Analysis,"['iot', 'discovery', 'a', 'analysis', 'resource', 'multi-criteria', 'comparative']",7,1,0.14285714285714285,['multi-criteria'],0.14285714285714285,0.0,0.0,0.0,0.0,0.0,-,-,-,-
Performance of two different quantum annealing correction codes,"['codes', 'performance', 'correction', 'different', 'annealing', 'two', 'quantum']",7,7,1.0,"['codes', 'performance', 'correction', 'different', 'annealing', 'two', 'quantum']",0.8571428571428571,0.42857142857142855,0.42857142857142855,0.2857142857142857,0.2857142857142857,0.14285714285714285,0.0,-,-,-
Phase Space dynamics of triaxial collapse: Joint density-velocity  evolution,"['triaxial', 'dynamics', 'collapse', 'space', 'phase', 'joint', 'density-velocity', 'evolution']",8,6,0.75,"['triaxial', 'dynamics', 'collapse', 'phase', 'density-velocity', 'evolution']",0.625,0.375,0.25,0.0,0.0,0.0,0.0,-,-,-
A lens-coupled scintillation counter in cryogenic environment,"['a', 'environment', 'cryogenic', 'lens-coupled', 'counter', 'scintillation']",6,4,0.6666666666666666,"['a', 'cryogenic', 'counter', 'scintillation']",0.5,0.3333333333333333,0.16666666666666666,0.16666666666666666,0.0,-,-,-,-,-
Biomass water content effect on soil moisture assessment via proximal  gamma-ray spectroscopy,"['moisture', 'effect', 'via', 'proximal', 'content', 'assessment', 'gamma-ray', 'water', 'spectroscopy', 'biomass', 'soil']",11,8,0.7272727272727273,"['moisture', 'proximal', 'content', 'gamma-ray', 'water', 'spectroscopy', 'biomass', 'soil']",0.6363636363636364,0.36363636363636365,0.36363636363636365,0.18181818181818182,0.18181818181818182,0.09090909090909091,0.0,0.0,-,-
UWB-ED: Distance Enlargement Attack Detection in Ultra-Wideband,"['ultra-wideband', 'detection', 'uwb-ed', 'attack', 'enlargement', 'distance']",6,5,0.8333333333333334,"['detection', 'uwb-ed', 'attack', 'enlargement', 'distance']",0.3333333333333333,0.3333333333333333,0.3333333333333333,0.16666666666666666,0.16666666666666666,0.16666666666666666,0.0,-,-,-
Magnetic absorption of VHE photons in the magnetosphere of the Crab  pulsar,"['magnetosphere', 'absorption', 'magnetic', 'pulsar', 'vhe', 'photons', 'crab']",7,6,0.8571428571428571,"['magnetosphere', 'absorption', 'magnetic', 'pulsar', 'vhe', 'photons']",0.5714285714285714,0.42857142857142855,0.2857142857142857,0.2857142857142857,0.14285714285714285,0.14285714285714285,0.14285714285714285,0.0,0.0,-
N=8 Counterterms and E7(7) Current Conservation,"['counterterms', 'n=8', 'conservation', 'e7', 'current', '7']",6,6,1.0,"['counterterms', 'n=8', 'conservation', 'e7', 'current', '7']",1.0,0.8333333333333334,0.16666666666666666,0.16666666666666666,0.16666666666666666,-,-,-,-,-
Squaring the magic squares of order 4,"['4', 'squares', 'order', 'magic', 'squaring']",5,4,0.8,"['4', 'squares', 'order', 'magic']",0.8,0.8,0.4,-,-,-,-,-,-,-
Revisiting Hartle's model using perturbed matching theory to second  order: amending the change in mass,"['hartle', 'theory', 'second', ""'s"", 'change', 'revisiting', 'amending', 'mass', 'perturbed', 'order', 'matching', 'using', 'model']",13,10,0.7692307692307693,"['hartle', 'theory', 'second', ""'s"", 'change', 'mass', 'perturbed', 'order', 'matching', 'model']",0.46153846153846156,0.3076923076923077,0.23076923076923078,0.15384615384615385,0.15384615384615385,0.15384615384615385,0.07692307692307693,0.0,0.0,-
On the Planar Split Thickness of Graphs,"['split', 'graphs', 'thickness', 'on', 'planar']",5,4,0.8,"['split', 'graphs', 'thickness', 'planar']",0.8,0.8,0.6,0.0,0.0,-,-,-,-,-
Operational Dynamical Modeling of spin 1/2 relativistic particles: the  Dirac equation and its classical limit,"['classical', 'equation', 'dirac', '1/2', 'particles', 'limit', 'dynamical', 'relativistic', 'modeling', 'spin', 'operational']",11,7,0.6363636363636364,"['classical', 'equation', 'dirac', 'dynamical', 'modeling', 'spin', 'operational']",0.2727272727272727,0.2727272727272727,0.18181818181818182,0.18181818181818182,0.09090909090909091,0.0,0.0,0.0,0.0,-
SU(5)xSU(5) unification revisited,"['revisited', 'xsu', '5', 'unification', 'su']",5,5,1.0,"['revisited', 'xsu', '5', 'unification', 'su']",1.0,0.8,0.4,0.2,0.0,0.0,0.0,-,-,-
Longitudinal and transversal flow over a cavity containing a second  immiscible fluid,"['transversal', 'containing', 'second', 'flow', 'immiscible', 'cavity', 'longitudinal', 'fluid']",8,8,1.0,"['transversal', 'containing', 'second', 'flow', 'immiscible', 'cavity', 'longitudinal', 'fluid']",0.625,0.625,0.5,0.25,0.25,0.125,0.0,-,-,-
A Sublinear Tester for Outerplanarity (and Other Forbidden Minors) With  One-Sided Error,"['outerplanarity', 'forbidden', 'a', 'other', 'minors', 'error', 'sublinear', 'one-sided', 'with', 'tester']",10,4,0.4,"['forbidden', 'error', 'sublinear', 'one-sided']",0.2,0.2,0.0,0.0,0.0,-,-,-,-,-
Spacetime Fermions in Light-cone Gauge Superstring Field Theory and  Dimensional Regularization,"['light-cone', 'theory', 'gauge', 'regularization', 'spacetime', 'superstring', 'field', 'dimensional', 'fermions']",9,6,0.6666666666666666,"['light-cone', 'theory', 'gauge', 'regularization', 'field', 'dimensional']",0.5555555555555556,0.3333333333333333,0.1111111111111111,0.1111111111111111,0.0,0.0,-,-,-,-
Chaplygin Gas of Tachyon Nature Imposed by Symmetry and Constrained via  H(z) Data,"['nature', 'symmetry', 'via', 'h', 'chaplygin', 'imposed', 'constrained', 'tachyon', 'gas', 'data']",10,5,0.5,"['symmetry', 'chaplygin', 'tachyon', 'gas', 'data']",0.4,0.1,0.1,0.0,0.0,-,-,-,-,-
On saturated uniformly A-convex algebras,"['uniformly', 'saturated', 'on', 'algebras', 'a-convex']",5,1,0.2,['a-convex'],0.2,0.0,-,-,-,-,-,-,-,-
BRITE-Constellation: Nanosatellites for Precision Photometry of Bright  Stars,"['nanosatellites', 'precision', 'bright', 'brite-constellation', 'stars', 'photometry']",6,3,0.5,"['bright', 'brite-constellation', 'stars']",0.5,0.0,0.0,0.0,0.0,-,-,-,-,-
Strong analog classical simulation of coherent quantum dynamics,"['classical', 'strong', 'dynamics', 'analog', 'simulation', 'coherent', 'quantum']",7,7,1.0,"['classical', 'strong', 'dynamics', 'analog', 'simulation', 'coherent', 'quantum']",0.7142857142857143,0.5714285714285714,0.14285714285714285,-,-,-,-,-,-,-
Four new X-ray-selected supernova remnants in the Large Magellanic Cloud,"['new', 'large', 'cloud', 'four', 'remnants', 'magellanic', 'supernova', 'x-ray-selected']",8,7,0.875,"['new', 'large', 'cloud', 'four', 'remnants', 'magellanic', 'supernova']",0.625,0.25,0.125,0.125,0.125,0.125,0.125,0.125,0.125,0.125
Implementation and Evaluation of a Cooperative Vehicle-to-Pedestrian  Safety Application,"['safety', 'vehicle-to-pedestrian', 'cooperative', 'application', 'implementation', 'evaluation']",6,2,0.3333333333333333,"['safety', 'vehicle-to-pedestrian']",0.16666666666666666,0.16666666666666666,0.16666666666666666,0.16666666666666666,0.0,0.0,0.0,0.0,0.0,-
A Sampling Theory Perspective of Graph-based Semi-supervised Learning,"['theory', 'a', 'learning', 'sampling', 'graph-based', 'semi-supervised', 'perspective']",7,5,0.7142857142857143,"['learning', 'sampling', 'graph-based', 'semi-supervised', 'perspective']",0.2857142857142857,0.2857142857142857,0.2857142857142857,0.14285714285714285,0.0,0.0,0.0,0.0,-,-
Fragmentation inside an identified jet,"['inside', 'identified', 'jet', 'fragmentation']",4,2,0.5,"['jet', 'fragmentation']",0.25,0.25,0.25,0.25,-,-,-,-,-,-
Framed correspondences and the Milnor-Witt K-theory,"['milnor-witt', 'k-theory', 'framed', 'correspondences']",4,0,0.0,[],0.0,0.0,-,-,-,-,-,-,-,-
On mathematical and physical principles of transformations of the  coherent radar backscatter matrix,"['mathematical', 'radar', 'matrix', 'on', 'coherent', 'principles', 'physical', 'backscatter', 'transformations']",9,4,0.4444444444444444,"['radar', 'matrix', 'backscatter', 'transformations']",0.3333333333333333,0.1111111111111111,0.1111111111111111,0.0,0.0,0.0,0.0,0.0,0.0,-
"A Piecewise Deterministic Markov Process via $(r,\theta)$ swaps in  hyperspherical coordinates","['deterministic', 'a', '$(r,\\theta)$', 'via', 'process', 'swaps', 'coordinates', 'piecewise', 'markov', 'hyperspherical']",10,6,0.6,"['deterministic', 'process', 'coordinates', 'piecewise', 'markov', 'hyperspherical']",0.3,0.2,0.2,0.0,0.0,-,-,-,-,-
The Structure of Qubit Unextendible Product Bases,"['structure', 'product', 'qubit', 'bases', 'the', 'unextendible']",6,5,0.8333333333333334,"['structure', 'product', 'qubit', 'bases', 'unextendible']",0.6666666666666666,0.6666666666666666,0.16666666666666666,0.0,-,-,-,-,-,-
Sources and technology for an atomic gravitational wave interferometric  sensor,"['sources', 'interferometric', 'wave', 'sensor', 'atomic', 'gravitational', 'technology']",7,6,0.8571428571428571,"['sources', 'interferometric', 'wave', 'sensor', 'atomic', 'gravitational']",0.7142857142857143,0.2857142857142857,0.14285714285714285,0.0,0.0,0.0,-,-,-,-
On the incompleteness of the moment and correlation function hierarchy  as probes of the lognormal field,"['lognormal', 'moment', 'incompleteness', 'on', 'probes', 'hierarchy', 'function', 'field', 'correlation']",9,6,0.6666666666666666,"['lognormal', 'probes', 'hierarchy', 'function', 'field', 'correlation']",0.5555555555555556,0.5555555555555556,0.1111111111111111,0.1111111111111111,0.0,-,-,-,-,-
"On $C^{1,\alpha}$-regularity for critical points of a geometric  obstacle-type problem","['geometric', '$C^{1,\\alpha}$', 'points', 'problem', 'on', 'critical', 'obstacle-type', '-regularity']",8,5,0.625,"['geometric', '$C^{1,\\alpha}$', 'points', 'problem', 'critical']",0.5,0.125,0.125,0.0,0.0,0.0,-,-,-,-
"Quasi-topological Reissner-Nordstr\""om Black Holes","['reissner-nordstr\\', ""''"", 'black', 'quasi-topological', 'holes']",5,3,0.6,"['black', 'quasi-topological', 'holes']",0.6,0.6,0.2,0.0,0.0,-,-,-,-,-
Vacua of N=10 three dimensional gauged supergravity,"['gauged', 'supergravity', 'n=10', 'vacua', 'dimensional', 'three']",6,4,0.6666666666666666,"['gauged', 'supergravity', 'n=10', 'vacua']",0.6666666666666666,0.0,0.0,0.0,0.0,0.0,0.0,-,-,-
On Stein's Method for Infinitely Divisible Laws With Finite First Moment,"['moment', ""'s"", 'finite', 'first', 'laws', 'divisible', 'on', 'infinitely', 'with', 'stein', 'method']",11,6,0.5454545454545454,"['moment', 'finite', 'first', 'laws', 'infinitely', 'stein']",0.45454545454545453,0.18181818181818182,0.09090909090909091,0.0,0.0,-,-,-,-,-
Exclusive $pp \to nn \pi^{+}\pi^{+}$ reaction at LHC and RHIC,"['reaction', '$pp \\to nn \\pi^{+}\\pi^{+}$', 'lhc', 'rhic', 'exclusive']",5,3,0.6,"['reaction', 'lhc', 'rhic']",0.4,0.4,0.2,0.0,0.0,0.0,0.0,0.0,-,-
The variance of the average depth of a pure birth process converges to 7,"['birth', 'pure', 'process', 'average', 'the', 'converges', '7', 'depth', 'variance']",9,7,0.7777777777777778,"['birth', 'pure', 'process', 'average', 'converges', 'depth', 'variance']",0.4444444444444444,0.4444444444444444,0.3333333333333333,-,-,-,-,-,-,-
Constraint Propagation of $C^2$-adjusted Formulation II --- Another  Recipe for Robust Baumgarte-Shapiro-Shibata-Nakamura Evolution System ---,"['baumgarte-shapiro-shibata-nakamura', 'constraint', 'recipe', 'formulation', 'propagation', 'another', '-adjusted', 'system', '$C^2$', '--', 'ii', 'robust', 'evolution']",13,7,0.5384615384615384,"['baumgarte-shapiro-shibata-nakamura', 'constraint', '-adjusted', 'system', '$C^2$', 'robust', 'evolution']",0.38461538461538464,0.3076923076923077,0.07692307692307693,0.07692307692307693,0.0,-,-,-,-,-
Improper Colourings inspired by Hadwiger's Conjecture,"['improper', ""'s"", 'colourings', 'conjecture', 'inspired', 'hadwiger']",6,4,0.6666666666666666,"[""'s"", 'colourings', 'conjecture', 'hadwiger']",0.6666666666666666,0.5,0.0,0.0,0.0,0.0,0.0,0.0,0.0,-
Two-dimensional electron gas as a sensitive noise detector,"['sensitive', 'noise', 'electron', 'detector', 'gas', 'two-dimensional']",6,2,0.3333333333333333,"['noise', 'electron']",0.16666666666666666,0.16666666666666666,0.0,-,-,-,-,-,-,-
Quantum symmetries and exceptional collections,"['exceptional', 'symmetries', 'collections', 'quantum']",4,2,0.5,"['symmetries', 'quantum']",0.5,0.0,-,-,-,-,-,-,-,-
Designing an FPGA Synthesizable Computer Vision Algorithm to Detect the  Greening of Potatoes,"['designing', 'fpga', 'detect', 'algorithm', 'greening', 'vision', 'synthesizable', 'computer', 'potatoes']",9,5,0.5555555555555556,"['fpga', 'algorithm', 'greening', 'vision', 'computer']",0.4444444444444444,0.2222222222222222,0.1111111111111111,0.0,0.0,0.0,0.0,-,-,-
Alternative Form of Predictor Based Identification of LPV-SS Models with  Innovation Noise,"['predictor', 'innovation', 'based', 'noise', 'form', 'lpv-ss', 'models', 'alternative', 'identification']",9,5,0.5555555555555556,"['predictor', 'innovation', 'based', 'form', 'lpv-ss']",0.2222222222222222,0.2222222222222222,0.2222222222222222,0.1111111111111111,0.1111111111111111,0.0,0.0,-,-,-
Pre-Flare Dynamics of Sunspot Groups,"['dynamics', 'pre-flare', 'groups', 'sunspot']",4,2,0.5,"['pre-flare', 'sunspot']",0.25,0.25,0.25,0.0,0.0,0.0,-,-,-,-
On the Physical Design of Molecular Communication Receiver Based on  Nanoscale Biosensors,"['based', 'design', 'receiver', 'on', 'communication', 'nanoscale', 'physical', 'molecular', 'biosensors']",9,7,0.7777777777777778,"['based', 'design', 'receiver', 'communication', 'nanoscale', 'physical', 'molecular']",0.4444444444444444,0.2222222222222222,0.2222222222222222,0.2222222222222222,0.2222222222222222,0.2222222222222222,0.2222222222222222,0.1111111111111111,0.1111111111111111,0.0
A multifractal formalism for Hewitt-Stromberg measures,"['hewitt-stromberg', 'formalism', 'a', 'measures', 'multifractal']",5,4,0.8,"['hewitt-stromberg', 'formalism', 'measures', 'multifractal']",0.8,0.4,-,-,-,-,-,-,-,-
Classical hybrid approaches on a transportation problem with gas  emissions constraints,"['transportation', 'gas', 'classical', 'emissions', 'problem', 'hybrid', 'constraints', 'approaches']",8,7,0.875,"['transportation', 'gas', 'classical', 'emissions', 'problem', 'hybrid', 'approaches']",0.375,0.25,0.25,0.25,0.0,-,-,-,-,-
Anomalies in the ERG Approach,"['anomalies', 'approach', 'erg']",3,1,0.3333333333333333,['anomalies'],0.3333333333333333,0.0,0.0,0.0,-,-,-,-,-,-
Thread algebra for poly-threading,"['thread', 'algebra', 'poly-threading']",3,3,1.0,"['thread', 'algebra', 'poly-threading']",0.6666666666666666,0.6666666666666666,0.6666666666666666,0.0,0.0,0.0,0.0,-,-,-
"Evolution of structure of some binary group based n bit comparator,  n-to-2n decoder by reversible technique","['n-to-2n', 'technique', 'structure', 'based', 'evolution', 'group', 'comparator', 'reversible', 'decoder', 'bit', 'binary']",11,5,0.45454545454545453,"['n-to-2n', 'comparator', 'reversible', 'decoder', 'bit']",0.18181818181818182,0.18181818181818182,0.18181818181818182,0.09090909090909091,0.09090909090909091,0.0,-,-,-,-
Wormhole Potentials and Throats from Quasi-Normal Modes,"['quasi-normal', 'modes', 'throats', 'potentials', 'wormhole']",5,4,0.8,"['quasi-normal', 'modes', 'potentials', 'wormhole']",0.2,0.2,0.2,0.2,0.0,0.0,0.0,-,-,-
New results on Pionic Twist-3 Distribution Amplitudes within the QCD Sum  Rules,"['twist-3', 'new', 'within', 'rules', 'pionic', 'sum', 'results', 'amplitudes', 'distribution', 'qcd']",10,7,0.7,"['twist-3', 'within', 'rules', 'pionic', 'sum', 'amplitudes', 'qcd']",0.5,0.5,0.2,0.0,0.0,-,-,-,-,-
Tempered fractional Langevin-Brownian motion with inverse $\beta$-stable  subordinator,"['motion', 'langevin-brownian', 'inverse', 'subordinator', 'fractional', '-stable', 'tempered', '$\\beta$']",8,7,0.875,"['motion', 'inverse', 'subordinator', 'fractional', '-stable', 'tempered', '$\\beta$']",0.75,0.5,0.375,0.375,0.125,0.0,0.0,-,-,-
Band gap and band alignment prediction of nitride based semiconductors  using machine learning,"['learning', 'based', 'semiconductors', 'gap', 'alignment', 'machine', 'band', 'prediction', 'nitride', 'using']",10,8,0.8,"['learning', 'based', 'gap', 'alignment', 'machine', 'band', 'prediction', 'nitride']",0.5,0.4,0.4,0.3,0.2,0.2,0.1,0.1,0.0,-
Excitation of coherent optical phonons in iron garnet by femtosecond  laser pulses,"['garnet', 'iron', 'pulses', 'optical', 'laser', 'femtosecond', 'coherent', 'phonons', 'excitation']",9,7,0.7777777777777778,"['garnet', 'iron', 'optical', 'femtosecond', 'coherent', 'phonons', 'excitation']",0.5555555555555556,0.3333333333333333,0.1111111111111111,-,-,-,-,-,-,-
Explicit $\infty$-harmonic functions in high dimensions,"['functions', 'high', '$\\infty$', 'explicit', '-harmonic', 'dimensions']",6,3,0.5,"['$\\infty$', 'explicit', 'dimensions']",0.3333333333333333,0.16666666666666666,-,-,-,-,-,-,-,-
Analysis of two- and three-dimensional fractional-order Hindmarsh-Rose  type neuronal models,"['three-dimensional', 'fractional-order', 'two-', 'type', 'neuronal', 'models', 'hindmarsh-rose', 'analysis']",8,5,0.625,"['three-dimensional', 'two-', 'neuronal', 'models', 'analysis']",0.625,0.125,-,-,-,-,-,-,-,-
Sufficient observables for large scale structure in galaxy surveys,"['scale', 'structure', 'large', 'observables', 'sufficient', 'galaxy', 'surveys']",7,2,0.2857142857142857,"['observables', 'sufficient']",0.2857142857142857,0.2857142857142857,0.2857142857142857,0.2857142857142857,0.0,0.0,0.0,0.0,-,-
The Use of Agricultural Robots in Orchard Management,"['robots', 'management', 'use', 'the', 'agricultural', 'orchard']",6,2,0.3333333333333333,"['management', 'agricultural']",0.3333333333333333,-,-,-,-,-,-,-,-,-
Classical Physics of Thermal Scalar Radiation in Two Spacetime  Dimensions,"['scalar', 'classical', 'radiation', 'thermal', 'spacetime', 'physics', 'two', 'dimensions']",8,8,1.0,"['scalar', 'classical', 'radiation', 'thermal', 'spacetime', 'physics', 'two', 'dimensions']",1.0,0.25,0.25,0.25,0.125,0.125,0.125,0.125,-,-
First detection of stacked X-ray emission from cosmic web filaments,"['web', 'first', 'stacked', 'filaments', 'detection', 'emission', 'cosmic', 'x-ray']",8,7,0.875,"['first', 'stacked', 'filaments', 'detection', 'emission', 'cosmic', 'x-ray']",0.625,0.625,0.375,0.375,0.125,-,-,-,-,-
ASR Context-Sensitive Error Correction Based on Microsoft N-Gram Dataset,"['dataset', 'based', 'microsoft', 'correction', 'context-sensitive', 'asr', 'n-gram', 'error']",8,7,0.875,"['dataset', 'based', 'microsoft', 'correction', 'context-sensitive', 'asr', 'error']",0.375,0.375,0.125,0.125,0.125,0.0,0.0,-,-,-
Dirac fermions in strong gravitational fields,"['strong', 'dirac', 'gravitational', 'fields', 'fermions']",5,4,0.8,"['strong', 'dirac', 'fields', 'fermions']",0.6,0.4,0.4,0.0,0.0,0.0,-,-,-,-
Double Your Views - Exploiting Symmetry in Transmission Imaging,"['symmetry', 'imaging', 'double', 'views', 'your', 'transmission', 'exploiting']",7,4,0.5714285714285714,"['symmetry', 'imaging', 'views', 'transmission']",0.42857142857142855,0.2857142857142857,0.14285714285714285,0.14285714285714285,0.0,0.0,0.0,-,-,-
QoE-aware cross-layer architecture for video traffic over Internet,"['architecture', 'video', 'internet', 'cross-layer', 'traffic', 'qoe-aware']",6,6,1.0,"['architecture', 'video', 'internet', 'cross-layer', 'traffic', 'qoe-aware']",0.8333333333333334,0.5,0.3333333333333333,0.3333333333333333,0.16666666666666666,0.16666666666666666,-,-,-,-
"Scalar field and time varying Cosmological constant in $f(R,T)$ gravity  for Bianchi type-I Universe","['time', 'scalar', 'constant', 'type-i', 'field', 'cosmological', 'gravity', 'bianchi', '$f(R,T)$', 'varying', 'universe']",11,9,0.8181818181818182,"['scalar', 'constant', 'type-i', 'field', 'cosmological', 'gravity', 'bianchi', '$f(R,T)$', 'universe']",0.45454545454545453,0.36363636363636365,0.2727272727272727,0.2727272727272727,0.18181818181818182,0.09090909090909091,0.0,-,-,-
Towards the Formal Reliability Analysis of Oil and Gas Pipelines,"['pipelines', 'oil', 'reliability', 'formal', 'towards', 'analysis', 'gas']",7,5,0.7142857142857143,"['oil', 'reliability', 'formal', 'towards', 'analysis']",0.2857142857142857,0.2857142857142857,0.2857142857142857,0.2857142857142857,0.2857142857142857,0.2857142857142857,0.2857142857142857,-,-,-
Cascade Seesaw for Tiny Neutrino Mass,"['cascade', 'tiny', 'mass', 'seesaw', 'neutrino']",5,4,0.8,"['tiny', 'mass', 'seesaw', 'neutrino']",0.6,0.6,0.6,0.2,0.2,0.0,0.0,0.0,-,-
$\rho$ Meson Decays of Heavy Hybrid Mesons,"['decays', 'meson', 'hybrid', 'heavy', '$\\rho$', 'mesons']",6,4,0.6666666666666666,"['meson', 'hybrid', 'heavy', '$\\rho$']",0.6666666666666666,0.0,0.0,-,-,-,-,-,-,-
Lorentz Process with shrinking holes in a wall,"['lorentz', 'wall', 'shrinking', 'process', 'holes']",5,3,0.6,"['lorentz', 'wall', 'process']",0.6,0.4,0.2,0.0,-,-,-,-,-,-
Weak Convergence Properties of Constrained Emphatic Temporal-difference  Learning with Constant and Slowly Diminishing Stepsize,"['weak', 'temporal-difference', 'constant', 'slowly', 'learning', 'diminishing', 'emphatic', 'convergence', 'constrained', 'properties', 'stepsize']",11,10,0.9090909090909091,"['weak', 'temporal-difference', 'constant', 'learning', 'diminishing', 'emphatic', 'convergence', 'constrained', 'properties', 'stepsize']",0.36363636363636365,0.2727272727272727,0.2727272727272727,0.2727272727272727,0.2727272727272727,0.0,0.0,-,-,-
Guiding High-Performance SAT Solvers with Unsat-Core Predictions,"['high-performance', 'unsat-core', 'solvers', 'sat', 'guiding', 'predictions']",6,3,0.5,"['high-performance', 'solvers', 'sat']",0.5,0.5,0.0,0.0,0.0,0.0,0.0,0.0,0.0,-
Motion of grain boundaries incorporating dislocation structure,"['motion', 'boundaries', 'structure', 'dislocation', 'grain', 'incorporating']",6,5,0.8333333333333334,"['motion', 'boundaries', 'structure', 'dislocation', 'grain']",0.6666666666666666,0.6666666666666666,0.5,0.5,0.5,0.3333333333333333,0.16666666666666666,-,-,-
Compact Policies for Fully-Observable Non-Deterministic Planning as SAT,"['planning', 'policies', 'fully-observable', 'sat', 'non-deterministic', 'compact']",6,5,0.8333333333333334,"['planning', 'policies', 'sat', 'non-deterministic', 'compact']",0.5,0.5,0.3333333333333333,0.0,-,-,-,-,-,-
Twin Paradox in de Sitter Spacetime,"['sitter', 'paradox', 'twin', 'spacetime']",4,4,1.0,"['sitter', 'paradox', 'twin', 'spacetime']",0.5,0.5,0.0,-,-,-,-,-,-,-
Amphoteric behavior of hydrogen (H+1and H-1) in complex hydrides from  van der Waals interaction included ab-initio calculation,"['amphoteric', 'h-1', 'included', 'hydrides', 'complex', 'h+1and', 'ab-initio', 'waals', 'interaction', 'behavior', 'calculation', 'hydrogen']",12,5,0.4166666666666667,"['amphoteric', 'hydrides', 'waals', 'behavior', 'hydrogen']",0.25,0.16666666666666666,0.16666666666666666,0.16666666666666666,0.08333333333333333,0.08333333333333333,0.08333333333333333,0.0,-,-
Weaving K-frames in Hilbert Spaces,"['hilbert', 'spaces', 'k-frames', 'weaving']",4,4,1.0,"['hilbert', 'spaces', 'k-frames', 'weaving']",0.75,0.5,0.5,0.25,0.0,0.0,-,-,-,-
Potential theory of subordinate killed Brownian motion,"['subordinate', 'motion', 'theory', 'potential', 'brownian', 'killed']",6,5,0.8333333333333334,"['subordinate', 'motion', 'theory', 'brownian', 'killed']",0.5,0.3333333333333333,0.16666666666666666,0.0,0.0,0.0,0.0,0.0,-,-
"Kremer-Grest models for commodity polymer melts: Linking theory,  experiment and simulation at the Kuhn scale","['experiment', 'theory', 'scale', 'commodity', 'polymer', 'kremer-grest', 'simulation', 'models', 'melts', 'linking', 'kuhn']",11,7,0.6363636363636364,"['scale', 'commodity', 'polymer', 'kremer-grest', 'models', 'melts', 'kuhn']",0.2727272727272727,0.2727272727272727,0.18181818181818182,0.09090909090909091,0.09090909090909091,0.09090909090909091,0.0,0.0,-,-
High-contrast spectroscopy testbed for Segmented Telescopes: instrument  overview and development progress,"['high-contrast', 'testbed', 'segmented', 'overview', 'telescopes', 'development', 'spectroscopy', 'instrument', 'progress']",9,6,0.6666666666666666,"['testbed', 'segmented', 'overview', 'telescopes', 'spectroscopy', 'instrument']",0.4444444444444444,0.3333333333333333,0.1111111111111111,0.1111111111111111,0.0,-,-,-,-,-
Optimizing enzymatic catalysts for rapid turnover of substrates with low  enzyme sequestration,"['rapid', 'sequestration', 'low', 'optimizing', 'catalysts', 'enzyme', 'turnover', 'enzymatic', 'substrates']",9,2,0.2222222222222222,"['sequestration', 'low']",0.2222222222222222,0.1111111111111111,0.1111111111111111,0.0,0.0,0.0,0.0,-,-,-
Traces of singular values of Hauptmoduln,"['hauptmoduln', 'values', 'singular', 'traces']",4,2,0.5,"['values', 'traces']",0.5,0.25,0.0,0.0,0.0,-,-,-,-,-
Non-linear Pattern Matching with Backtracking for Non-free Data Types,"['types', 'pattern', 'non-linear', 'non-free', 'backtracking', 'matching', 'data']",7,7,1.0,"['types', 'pattern', 'non-linear', 'non-free', 'backtracking', 'matching', 'data']",1.0,0.42857142857142855,0.42857142857142855,0.2857142857142857,0.14285714285714285,0.0,0.0,-,-,-
Final state interaction effects in exclusive electrodisintegration of  the deuteron,"['final', 'effects', 'electrodisintegration', 'state', 'deuteron', 'interaction', 'exclusive']",7,6,0.8571428571428571,"['final', 'electrodisintegration', 'state', 'deuteron', 'interaction', 'exclusive']",0.5714285714285714,0.2857142857142857,0.2857142857142857,0.0,0.0,-,-,-,-,-
Quantum symmetries and exceptional collections,"['exceptional', 'symmetries', 'collections', 'quantum']",4,2,0.5,"['symmetries', 'quantum']",0.5,0.0,-,-,-,-,-,-,-,-
Asymptotics of first-passage percolation on 1-dimensional graphs,"['graphs', '1-dimensional', 'first-passage', 'percolation', 'asymptotics']",5,4,0.8,"['graphs', '1-dimensional', 'first-passage', 'percolation']",0.6,0.2,0.2,0.0,0.0,0.0,0.0,-,-,-
Hallucinating IDT Descriptors and I3D Optical Flow Features for Action  Recognition with CNNs,"['idt', 'descriptors', 'flow', 'optical', 'action', 'hallucinating', 'recognition', 'cnns', 'i3d', 'features']",10,8,0.8,"['idt', 'flow', 'optical', 'action', 'recognition', 'cnns', 'i3d', 'features']",0.4,0.3,0.2,0.1,0.1,0.1,0.0,0.0,0.0,-
Energy dependence of kaon-to-proton ratio fluctuations in central Pb+Pb  collisions from $\sqrt{s_{NN}}$ = 6.3 to 17.3 GeV,"['ratio', 'dependence', 'fluctuations', 'kaon-to-proton', 'energy', 'collisions', 'central', 'pb+pb', '$\\sqrt{s_{NN}}$', 'gev', '6.3', '17.3']",12,6,0.5,"['fluctuations', 'central', '$\\sqrt{s_{NN}}$', 'gev', '6.3', '17.3']",0.5,0.0,0.0,0.0,0.0,-,-,-,-,-
Visual TASK: A Collaborative Cognitive Aid for Acute Care Resuscitation,"['a', 'care', 'aid', 'cognitive', 'task', 'visual', 'collaborative', 'acute', 'resuscitation']",9,7,0.7777777777777778,"['aid', 'cognitive', 'task', 'visual', 'collaborative', 'acute', 'resuscitation']",0.5555555555555556,0.3333333333333333,0.2222222222222222,0.2222222222222222,0.2222222222222222,0.0,0.0,0.0,0.0,-
"Tevatron Asymmetry of Tops in a W',Z' Model","['tevatron', 'w', 'asymmetry', 'z', 'model', 'tops']",6,2,0.3333333333333333,"['asymmetry', 'model']",0.16666666666666666,0.16666666666666666,0.0,0.0,0.0,0.0,-,-,-,-
On the model-dependence of the relation between minimum-bias and  inelastic proton-proton cross sections,"['sections', 'cross', 'relation', 'on', 'inelastic', 'model-dependence', 'minimum-bias', 'proton-proton']",8,8,1.0,"['sections', 'cross', 'relation', 'on', 'inelastic', 'model-dependence', 'minimum-bias', 'proton-proton']",0.875,0.25,0.25,0.25,0.125,0.0,-,-,-,-
Synchronization of spatio-temporal chaos as an absorbing phase  transition: a study in 2+1 dimensions,"['synchronization', 'spatio-temporal', 'transition', 'phase', 'study', '2+1', 'dimensions', 'chaos', 'absorbing']",9,5,0.5555555555555556,"['synchronization', 'transition', '2+1', 'dimensions', 'absorbing']",0.5555555555555556,0.1111111111111111,0.1111111111111111,0.1111111111111111,0.0,-,-,-,-,-
Wake Effects on Drift in Two-Dimensional Inviscid Incompressible Flows,"['wake', 'flows', 'effects', 'inviscid', 'incompressible', 'drift', 'two-dimensional']",7,4,0.5714285714285714,"['wake', 'inviscid', 'incompressible', 'drift']",0.2857142857142857,0.14285714285714285,0.14285714285714285,0.14285714285714285,0.14285714285714285,0.14285714285714285,0.0,0.0,-,-
The Nullity Theorem for Principal Pivot Transform,"['principal', 'the', 'theorem', 'nullity', 'transform', 'pivot']",6,5,0.8333333333333334,"['principal', 'theorem', 'nullity', 'transform', 'pivot']",0.5,0.5,0.3333333333333333,0.0,-,-,-,-,-,-
A Benchmark for Sparse Coding: When Group Sparsity Meets Rank  Minimization,"['a', 'sparsity', 'minimization', 'coding', 'benchmark', 'when', 'group', 'meets', 'sparse', 'rank']",10,6,0.6,"['sparsity', 'minimization', 'coding', 'benchmark', 'sparse', 'rank']",0.4,0.2,0.0,-,-,-,-,-,-,-
Architectural Design Alternatives based on Cloud/Edge/Fog Computing for  Connected Vehicles,"['architectural', 'vehicles', 'based', 'alternatives', 'design', 'computing', 'connected', 'cloud/edge/fog']",8,7,0.875,"['architectural', 'vehicles', 'based', 'alternatives', 'design', 'computing', 'cloud/edge/fog']",0.75,0.625,0.5,0.25,0.125,0.125,0.125,-,-,-
Counting the number of trigonal curves of genus 5 over finite fields,"['trigonal', 'finite', 'counting', 'curves', 'genus', 'fields', '5', 'number']",8,6,0.75,"['trigonal', 'finite', 'curves', 'genus', '5', 'number']",0.5,0.5,0.375,-,-,-,-,-,-,-
A comprehensive approach to new physics simulations,"['a', 'new', 'simulations', 'comprehensive', 'approach', 'physics']",6,3,0.5,"['new', 'approach', 'physics']",0.5,0.16666666666666666,0.0,-,-,-,-,-,-,-
Friedmann-Robertson-Walker Models with Late-Time Acceleration,"['acceleration', 'late-time', 'models', 'friedmann-robertson-walker']",4,3,0.75,"['acceleration', 'late-time', 'models']",0.5,0.5,-,-,-,-,-,-,-,-
Double MRT Thermal Lattice Boltzmann Method for Simulating Natural  Convection of Low Prandtl Number Fluids,"['convection', 'prandtl', 'low', 'fluids', 'double', 'thermal', 'natural', 'lattice', 'simulating', 'boltzmann', 'mrt', 'method', 'number']",13,10,0.7692307692307693,"['convection', 'prandtl', 'low', 'double', 'thermal', 'natural', 'lattice', 'boltzmann', 'method', 'number']",0.5384615384615384,0.3076923076923077,0.3076923076923077,0.23076923076923078,0.23076923076923078,0.23076923076923078,0.07692307692307693,0.0,-,-
An all-optical feedback assisted steady state of an optomechanical array,"['steady', 'assisted', 'optomechanical', 'state', 'array', 'an', 'feedback', 'all-optical']",8,5,0.625,"['steady', 'optomechanical', 'state', 'feedback', 'all-optical']",0.5,0.25,0.125,0.125,0.0,-,-,-,-,-
Reverse Janssen effect in narrow granular columns,"['reverse', 'effect', 'granular', 'columns', 'narrow', 'janssen']",6,2,0.3333333333333333,"['reverse', 'effect']",0.3333333333333333,0.0,0.0,0.0,-,-,-,-,-,-
Exploring HTTPS Security Inconsistencies: A Cross-Regional Perspective,"['a', 'https', 'security', 'cross-regional', 'inconsistencies', 'exploring', 'perspective']",7,3,0.42857142857142855,"['https', 'security', 'inconsistencies']",0.42857142857142855,0.42857142857142855,0.2857142857142857,0.14285714285714285,0.14285714285714285,0.0,0.0,0.0,0.0,0.0
Statistics of rigid fibers in strongly sheared turbulence,"['statistics', 'sheared', 'strongly', 'fibers', 'turbulence', 'rigid']",6,4,0.6666666666666666,"['sheared', 'strongly', 'fibers', 'turbulence']",0.5,0.3333333333333333,0.3333333333333333,0.0,0.0,0.0,0.0,0.0,-,-
Physical-constraints-preserving central discontinuous Galerkin methods  for special relativistic hydrodynamics with a general equation of state,"['special', 'equation', 'state', 'central', 'physical-constraints-preserving', 'relativistic', 'general', 'galerkin', 'discontinuous', 'methods', 'hydrodynamics']",11,11,1.0,"['special', 'equation', 'state', 'central', 'physical-constraints-preserving', 'relativistic', 'general', 'galerkin', 'discontinuous', 'methods', 'hydrodynamics']",0.7272727272727273,0.36363636363636365,0.18181818181818182,0.09090909090909091,0.09090909090909091,-,-,-,-,-
Programmable DNA-mediated multitasking processor,"['multitasking', 'dna-mediated', 'processor', 'programmable']",4,4,1.0,"['multitasking', 'dna-mediated', 'processor', 'programmable']",0.75,0.75,0.25,0.25,-,-,-,-,-,-
Polarizabilities of nonreciprocal bianisotropic particles,"['nonreciprocal', 'particles', 'bianisotropic', 'polarizabilities']",4,3,0.75,"['nonreciprocal', 'particles', 'polarizabilities']",0.5,0.25,0.25,0.25,0.0,-,-,-,-,-
Wave Climate from Spectra and its Connections with Local and Remote Wind  Climate,"['local', 'climate', 'wave', 'wind', 'spectra', 'remote', 'connections']",7,6,0.8571428571428571,"['local', 'climate', 'wave', 'wind', 'spectra', 'remote']",0.7142857142857143,0.5714285714285714,0.5714285714285714,0.42857142857142855,0.42857142857142855,0.2857142857142857,0.14285714285714285,0.14285714285714285,-,-
A Benchmark Set of Highly-efficient CUDA and OpenCL Kernels and its  Dynamic Autotuning with Kernel Tuning Toolkit,"['tuning', 'a', 'cuda', 'kernels', 'dynamic', 'kernel', 'set', 'benchmark', 'autotuning', 'toolkit', 'highly-efficient', 'opencl']",12,9,0.75,"['tuning', 'cuda', 'kernels', 'dynamic', 'kernel', 'set', 'autotuning', 'toolkit', 'opencl']",0.4166666666666667,0.3333333333333333,0.3333333333333333,0.25,0.16666666666666666,0.08333333333333333,0.08333333333333333,0.08333333333333333,-,-
General Lagrangian of Non-Covariant Self-dual Gauge Field,"['gauge', 'non-covariant', 'self-dual', 'field', 'general', 'lagrangian']",6,5,0.8333333333333334,"['non-covariant', 'self-dual', 'field', 'general', 'lagrangian']",0.8333333333333334,0.5,0.16666666666666666,0.0,-,-,-,-,-,-
Green's function for symmetric loading of an elastic sphere with  application to contact problems,"['green', 'symmetric', ""'s"", 'sphere', 'elastic', 'loading', 'problems', 'application', 'function', 'contact']",10,8,0.8,"['green', 'symmetric', ""'s"", 'sphere', 'elastic', 'loading', 'function', 'contact']",0.6,0.2,0.1,0.1,0.0,0.0,0.0,-,-,-
Elastic modulus and yield strength of semicrystalline polymers with bond  disorder are higher than in atomic crystals,"['crystals', 'semicrystalline', 'disorder', 'yield', 'elastic', 'atomic', 'higher', 'polymers', 'modulus', 'bond', 'strength']",11,11,1.0,"['crystals', 'semicrystalline', 'disorder', 'yield', 'elastic', 'atomic', 'higher', 'polymers', 'modulus', 'bond', 'strength']",0.7272727272727273,0.5454545454545454,0.18181818181818182,-,-,-,-,-,-,-
Sound Analysis and Synthesis Adaptive in Time and Two Frequency Bands,"['time', 'sound', 'bands', 'frequency', 'adaptive', 'synthesis', 'analysis', 'two']",8,7,0.875,"['time', 'sound', 'bands', 'frequency', 'adaptive', 'analysis', 'two']",0.375,0.375,0.25,0.25,0.0,-,-,-,-,-
Supporting acceptance testing in distributed software projects with  integrated feedback systems: Experiences and requirements,"['systems', 'projects', 'supporting', 'requirements', 'distributed', 'acceptance', 'software', 'experiences', 'feedback', 'testing', 'integrated']",11,6,0.5454545454545454,"['systems', 'requirements', 'distributed', 'acceptance', 'feedback', 'testing']",0.36363636363636365,0.36363636363636365,0.18181818181818182,0.18181818181818182,0.09090909090909091,0.09090909090909091,0.0,0.0,0.0,0.0
Systematic study of proton radioactivity of spherical proton emitters  with Skyrme interactions,"['skyrme', 'spherical', 'systematic', 'interactions', 'study', 'radioactivity', 'proton', 'emitters']",8,6,0.75,"['skyrme', 'spherical', 'interactions', 'study', 'radioactivity', 'proton']",0.625,0.375,0.375,0.25,0.125,0.0,0.0,0.0,0.0,-
Optimal quantitative cryptanalysis of permutation-only multimedia  ciphers against plaintext attacks,"['cryptanalysis', 'permutation-only', 'ciphers', 'optimal', 'quantitative', 'plaintext', 'attacks', 'multimedia']",8,3,0.375,"['permutation-only', 'optimal', 'plaintext']",0.25,0.125,0.0,0.0,0.0,0.0,-,-,-,-
Dyson-Schwinger equations and ${\cal N}=4$ SYM in Landau gauge,"['equations', '${\\cal N}=4$', 'gauge', 'sym', 'dyson-schwinger', 'landau']",6,4,0.6666666666666666,"['equations', '${\\cal N}=4$', 'gauge', 'landau']",0.5,0.3333333333333333,0.16666666666666666,0.0,0.0,-,-,-,-,-
"What can we learn about solar coronal mass ejections, coronal dimmings,  and Extreme-Ultraviolet jets through spectroscopic observations?","['dimmings', 'jets', 'coronal', 'learn', 'mass', 'ejections', 'spectroscopic', 'extreme-ultraviolet', 'observations', 'solar', 'what']",11,3,0.2727272727272727,"['coronal', 'mass', 'observations']",0.09090909090909091,0.09090909090909091,0.09090909090909091,0.09090909090909091,0.0,0.0,0.0,0.0,0.0,-
The large N limit of quiver matrix models and Sasaki-Einstein manifolds,"['large', 'matrix', 'sasaki-einstein', 'limit', 'the', 'models', 'quiver', 'manifolds', 'n']",9,6,0.6666666666666666,"['large', 'matrix', 'sasaki-einstein', 'limit', 'models', 'n']",0.5555555555555556,0.2222222222222222,0.2222222222222222,0.1111111111111111,0.1111111111111111,-,-,-,-,-
Distribution of zero subsequences for Bernstein space and criteria of  completeness for exponential system on a segment,"['subsequences', 'bernstein', 'completeness', 'exponential', 'system', 'space', 'zero', 'segment', 'distribution', 'criteria']",10,5,0.5,"['completeness', 'exponential', 'system', 'segment', 'criteria']",0.4,0.1,0.1,-,-,-,-,-,-,-
Seeding the Formation of Mercurys: An Iron-sensitive Bouncing Barrier in  Disk Magnetic Fields,"['formation', 'magnetic', 'seeding', 'iron-sensitive', 'disk', 'bouncing', 'fields', 'an', 'barrier', 'mercurys']",10,5,0.5,"['formation', 'magnetic', 'bouncing', 'fields', 'barrier']",0.4,0.2,0.2,0.2,0.1,0.0,0.0,-,-,-
Planar Channeling of 855 MeV Electrons in Silicon: Monte-Carlo  Simulations,"['855', 'monte-carlo', 'simulations', 'channeling', 'mev', 'silicon', 'electrons', 'planar']",8,4,0.5,"['channeling', 'mev', 'silicon', 'electrons']",0.5,0.125,0.125,0.0,0.0,0.0,-,-,-,-
Real-time microwave imaging of unknown anomalies via scattering matrix,"['imaging', 'scattering', 'via', 'anomalies', 'matrix', 'unknown', 'microwave', 'real-time']",8,5,0.625,"['imaging', 'scattering', 'anomalies', 'matrix', 'unknown']",0.375,0.375,0.125,0.125,0.125,0.125,0.0,-,-,-
Vacua of N=10 three dimensional gauged supergravity,"['gauged', 'supergravity', 'n=10', 'vacua', 'dimensional', 'three']",6,4,0.6666666666666666,"['gauged', 'supergravity', 'n=10', 'vacua']",0.6666666666666666,0.0,0.0,0.0,0.0,0.0,0.0,-,-,-
Generating functions for finite sums involving higher powers of binomial  coefficients: Analysis of hypergeometric functions including new families of  polynomials and numbers,"['involving', 'functions', 'new', 'finite', 'powers', 'families', 'binomial', 'numbers', 'coefficients', 'higher', 'hypergeometric', 'polynomials', 'analysis', 'sums', 'including', 'generating']",16,14,0.875,"['involving', 'functions', 'new', 'finite', 'powers', 'families', 'binomial', 'numbers', 'coefficients', 'higher', 'polynomials', 'sums', 'including', 'generating']",0.5625,0.5625,0.5,0.3125,0.1875,0.1875,0.0625,0.0625,-,-
The Nature and Origin of Substructure in the Outskirts of M31. I.  Surveying the Stellar Content with HST/ACS,"['outskirts', 'origin', 'nature', 'hst/acs', 'm31', 'stellar', 'surveying', 'the', 'i.', 'content', 'substructure']",11,4,0.36363636363636365,"['outskirts', 'm31', 'stellar', 'the']",0.18181818181818182,0.09090909090909091,0.09090909090909091,0.09090909090909091,0.09090909090909091,0.09090909090909091,0.0,0.0,0.0,-
Some remarks on exact wormhole solutions,"['exact', 'some', 'remarks', 'solutions', 'wormhole']",5,3,0.6,"['exact', 'solutions', 'wormhole']",0.6,0.6,0.2,-,-,-,-,-,-,-
Queues and risk processes with dependencies,"['risk', 'queues', 'dependencies', 'processes']",4,1,0.25,['risk'],0.25,0.0,0.0,0.0,0.0,-,-,-,-,-
An Operating System Level Data Migration Scheme in Hybrid DRAM-NVM  Memory Architecture,"['migration', 'scheme', 'architecture', 'system', 'memory', 'operating', 'hybrid', 'dram-nvm', 'an', 'level', 'data']",11,8,0.7272727272727273,"['migration', 'scheme', 'architecture', 'system', 'memory', 'hybrid', 'level', 'data']",0.7272727272727273,0.36363636363636365,0.18181818181818182,0.18181818181818182,0.18181818181818182,0.18181818181818182,-,-,-,-
"Toward NS5 Branes on the Resolved Cone over Y^{p,q}","['toward', 'y^', 'q', 'cone', 'resolved', 'ns5', 'branes', 'p']",8,6,0.75,"['y^', 'q', 'cone', 'resolved', 'branes', 'p']",0.75,0.75,0.75,0.125,-,-,-,-,-,-
Quantum symmetries and exceptional collections,"['exceptional', 'symmetries', 'collections', 'quantum']",4,2,0.5,"['symmetries', 'quantum']",0.5,0.0,-,-,-,-,-,-,-,-
Picard group of isotropic realizations of twisted Poisson manifolds,"['isotropic', 'twisted', 'poisson', 'group', 'picard', 'manifolds', 'realizations']",7,6,0.8571428571428571,"['isotropic', 'twisted', 'poisson', 'group', 'picard', 'realizations']",0.2857142857142857,0.2857142857142857,0.2857142857142857,0.2857142857142857,0.14285714285714285,-,-,-,-,-
Band gap and band alignment prediction of nitride based semiconductors  using machine learning,"['learning', 'based', 'semiconductors', 'gap', 'alignment', 'machine', 'band', 'prediction', 'nitride', 'using']",10,8,0.8,"['learning', 'based', 'gap', 'alignment', 'machine', 'band', 'prediction', 'nitride']",0.5,0.4,0.4,0.3,0.2,0.2,0.1,0.1,0.0,-
Benchmark 3D eye-tracking dataset for visual saliency prediction on  stereoscopic 3D video,"['dataset', '3d', 'eye-tracking', 'stereoscopic', 'video', 'benchmark', 'saliency', 'visual', 'prediction']",9,9,1.0,"['dataset', '3d', 'eye-tracking', 'stereoscopic', 'video', 'benchmark', 'saliency', 'visual', 'prediction']",0.4444444444444444,0.3333333333333333,0.3333333333333333,0.3333333333333333,0.3333333333333333,0.2222222222222222,0.1111111111111111,0.1111111111111111,-,-
Theory of the electronic structure of dilute bismide and bismide-nitride  alloys of GaAs: Tight-binding and k.p models,"['k.p', 'theory', 'tight-binding', 'structure', 'electronic', 'dilute', 'bismide-nitride', 'models', 'gaas', 'bismide', 'alloys']",11,7,0.6363636363636364,"['k.p', 'structure', 'electronic', 'dilute', 'models', 'gaas', 'alloys']",0.6363636363636364,0.0,-,-,-,-,-,-,-,-
Impact Angle Control of Interplanetary Shock Geoeffectiveness,"['shock', 'interplanetary', 'angle', 'control', 'impact', 'geoeffectiveness']",6,4,0.6666666666666666,"['shock', 'interplanetary', 'impact', 'geoeffectiveness']",0.3333333333333333,0.16666666666666666,0.16666666666666666,0.16666666666666666,0.0,0.0,0.0,0.0,0.0,-
Microwave properties of superconducting atomic-layer deposited TiN films,"['tin', 'deposited', 'microwave', 'superconducting', 'films', 'properties', 'atomic-layer']",7,5,0.7142857142857143,"['tin', 'microwave', 'superconducting', 'films', 'properties']",0.42857142857142855,0.42857142857142855,0.14285714285714285,0.0,-,-,-,-,-,-
Error bounds for augmented truncations of discrete-time block-monotone  Markov chains under subgeometric drift conditions,"['conditions', 'augmented', 'truncations', 'bounds', 'block-monotone', 'discrete-time', 'error', 'drift', 'markov', 'chains', 'subgeometric']",11,6,0.5454545454545454,"['conditions', 'block-monotone', 'drift', 'markov', 'chains', 'subgeometric']",0.45454545454545453,0.36363636363636365,0.09090909090909091,-,-,-,-,-,-,-
Online Ramsey theory for a triangle on $F$-free graphs,"['$F$', 'theory', 'ramsey', 'triangle', 'graphs', 'online', '-free']",7,5,0.7142857142857143,"['$F$', 'ramsey', 'graphs', 'online', '-free']",0.7142857142857143,0.7142857142857143,0.14285714285714285,0.0,0.0,-,-,-,-,-
Using Early Quality Assurance Metrics to Focus Testing Activities,"['early', 'activities', 'quality', 'assurance', 'focus', 'using', 'testing', 'metrics']",8,7,0.875,"['early', 'activities', 'quality', 'assurance', 'focus', 'using', 'testing']",0.625,0.375,0.375,0.25,0.125,0.0,0.0,0.0,-,-
Giant Amplification in Degenerate Band Edge Slow-Wave Structures  Interacting with an Electron Beam,"['giant', 'slow-wave', 'structures', 'interacting', 'degenerate', 'electron', 'band', 'edge', 'beam', 'amplification']",10,9,0.9,"['giant', 'slow-wave', 'structures', 'degenerate', 'electron', 'band', 'edge', 'beam', 'amplification']",0.3,0.3,0.2,0.2,0.2,0.2,-,-,-,-
Perturbations of supercritical oriented percolation and sticky Brownian  webs,"['sticky', 'brownian', 'perturbations', 'webs', 'oriented', 'percolation', 'supercritical']",7,5,0.7142857142857143,"['sticky', 'brownian', 'webs', 'percolation', 'supercritical']",0.5714285714285714,0.2857142857142857,0.2857142857142857,-,-,-,-,-,-,-
Generalized Cornfield conditions for the risk difference,"['difference', 'conditions', 'risk', 'generalized', 'cornfield']",5,4,0.8,"['difference', 'conditions', 'risk', 'cornfield']",0.4,0.4,0.2,0.2,0.2,0.2,0.0,0.0,-,-
"Coronal jets, magnetic topologies, and the production of interplanetary  electron streams","['production', 'topologies', 'interplanetary', 'magnetic', 'jets', 'coronal', 'electron', 'streams']",8,6,0.75,"['production', 'interplanetary', 'jets', 'coronal', 'electron', 'streams']",0.75,0.25,0.125,0.125,0.0,-,-,-,-,-
CP violation with Higgs-dependent Yukawa couplings,"['couplings', 'violation', 'yukawa', 'cp', 'higgs-dependent']",5,5,1.0,"['couplings', 'violation', 'yukawa', 'cp', 'higgs-dependent']",0.6,0.4,0.4,0.4,-,-,-,-,-,-
Extensionless Adaptive Transmitter and Receiver Windowing of Beyond 5G  Frames,"['5g', 'beyond', 'adaptive', 'receiver', 'extensionless', 'windowing', 'frames', 'transmitter']",8,3,0.375,"['receiver', 'windowing', 'transmitter']",0.25,0.25,0.25,0.25,0.125,0.0,0.0,-,-,-
Why a Testing Career Is Not the First Choice of Engineers,"['not', 'first', 'why', 'engineers', 'career', 'testing', 'choice', 'is']",8,1,0.125,['testing'],0.125,0.0,-,-,-,-,-,-,-,-
Wi-Fi Channel Saturation as a Mechanism to Improve Passive Capture of  Bluetooth Through Channel Usage Restriction,"['saturation', 'capture', 'through', 'passive', 'mechanism', 'bluetooth', 'wi-fi', 'usage', 'improve', 'channel', 'restriction']",11,2,0.18181818181818182,"['bluetooth', 'wi-fi']",0.09090909090909091,0.09090909090909091,0.09090909090909091,0.09090909090909091,0.0,0.0,-,-,-,-
MIS: Multimodal Interaction Services in a cloud perspective,"['mis', 'multimodal', 'cloud', 'interaction', 'services', 'perspective']",6,4,0.6666666666666666,"['multimodal', 'cloud', 'interaction', 'services']",0.5,0.16666666666666666,0.16666666666666666,0.16666666666666666,-,-,-,-,-,-
Performance Analysis and Prediction in Educational Data Mining: A  Research Travelogue,"['travelogue', 'a', 'research', 'performance', 'mining', 'prediction', 'analysis', 'educational', 'data']",9,6,0.6666666666666666,"['travelogue', 'mining', 'prediction', 'analysis', 'educational', 'data']",0.4444444444444444,0.2222222222222222,0.2222222222222222,0.1111111111111111,0.1111111111111111,0.0,0.0,0.0,0.0,0.0
Weak Memory Models: Balancing Definitional Simplicity and Implementation  Flexibility,"['weak', 'flexibility', 'definitional', 'memory', 'simplicity', 'models', 'implementation', 'balancing']",8,5,0.625,"['weak', 'flexibility', 'memory', 'models', 'implementation']",0.625,0.25,0.125,0.125,0.125,0.125,0.0,0.0,0.0,-
SCAttNet: Semantic Segmentation Network with Spatial and Channel  Attention Mechanism for High-Resolution Remote Sensing Images,"['sensing', 'network', 'spatial', 'images', 'segmentation', 'scattnet', 'high-resolution', 'attention', 'mechanism', 'remote', 'semantic', 'channel']",12,6,0.5,"['sensing', 'network', 'spatial', 'images', 'high-resolution', 'remote']",0.4166666666666667,0.16666666666666666,0.0,0.0,0.0,0.0,-,-,-,-
What Can We Learn From Analogue Experiments?,"['we', 'learn', 'experiments', 'can', 'analogue', 'what', 'from']",7,4,0.5714285714285714,"['learn', 'experiments', 'analogue', 'what']",0.5714285714285714,0.14285714285714285,0.14285714285714285,0.14285714285714285,0.0,-,-,-,-,-
NileTMRG at SemEval-2017 Task 4: Arabic Sentiment Analysis,"['semeval-2017', 'sentiment', 'arabic', '4', 'niletmrg', 'task', 'analysis']",7,6,0.8571428571428571,"['semeval-2017', 'sentiment', 'arabic', '4', 'task', 'analysis']",0.7142857142857143,0.2857142857142857,0.14285714285714285,0.0,0.0,0.0,0.0,-,-,-
Discovery of the hard spectrum VHE gamma-ray source HESS J1641-463,"['discovery', 'vhe', 'gamma-ray', 'spectrum', 'hard', 'j1641-463', 'source', 'hess']",8,8,1.0,"['discovery', 'vhe', 'gamma-ray', 'spectrum', 'hard', 'j1641-463', 'source', 'hess']",0.5,0.375,0.25,0.25,0.25,0.25,0.125,0.125,0.125,0.0
Analysis of the internal heat losses in a thermoelectric generator,"['thermoelectric', 'internal', 'losses', 'generator', 'heat', 'analysis']",6,5,0.8333333333333334,"['thermoelectric', 'internal', 'losses', 'generator', 'heat']",0.5,0.5,0.3333333333333333,0.3333333333333333,0.3333333333333333,0.16666666666666666,0.16666666666666666,0.16666666666666666,-,-
Supercuspidal characters of $\operatorname{SL}_2$ over a $p$-adic field,"['supercuspidal', '-adic', 'characters', '$\\operatorname{SL}_2$', 'field', '$p$']",6,2,0.3333333333333333,"['$\\operatorname{SL}_2$', '$p$']",0.16666666666666666,0.16666666666666666,0.0,-,-,-,-,-,-,-
Y-Net: A deep Convolutional Neural Network for Polyp Detection,"['y-net', 'a', 'convolutional', 'network', 'deep', 'polyp', 'detection', 'neural']",8,7,0.875,"['y-net', 'convolutional', 'network', 'deep', 'polyp', 'detection', 'neural']",0.625,0.375,0.25,0.125,0.125,0.125,0.125,0.0,-,-
Small influence of magnetic ordering on lattice dynamics in  TaFe$_{1.25}$Te$_3$,"['$_{1.25}$', 'tafete', 'magnetic', 'dynamics', 'small', '$_3$', 'lattice', 'influence', 'ordering']",9,6,0.6666666666666666,"['$_{1.25}$', 'tafete', 'magnetic', '$_3$', 'lattice', 'ordering']",0.4444444444444444,0.2222222222222222,0.1111111111111111,-,-,-,-,-,-,-
Enhanced and tunable electric dipole-dipole interaction near to planar  metal film,"['enhanced', 'dipole-dipole', 'electric', 'near', 'interaction', 'metal', 'planar', 'film', 'tunable']",9,8,0.8888888888888888,"['enhanced', 'dipole-dipole', 'electric', 'interaction', 'metal', 'planar', 'film', 'tunable']",0.7777777777777778,0.5555555555555556,0.4444444444444444,0.1111111111111111,0.0,-,-,-,-,-
Multi-View Bayesian Correlated Component Analysis,"['component', 'correlated', 'bayesian', 'multi-view', 'analysis']",5,4,0.8,"['component', 'correlated', 'multi-view', 'analysis']",0.6,0.6,0.4,0.2,0.0,0.0,-,-,-,-
Kadison's Pythagorean Theorem and essential codimension,"['essential', ""'s"", 'codimension', 'pythagorean', 'theorem', 'kadison']",6,6,1.0,"['essential', ""'s"", 'codimension', 'pythagorean', 'theorem', 'kadison']",0.6666666666666666,0.3333333333333333,0.0,0.0,-,-,-,-,-,-
